"n","alpha","phi","RSN","phi.hat.mean","phi.hat.sd","sigma.e.mean","sigma.e.sd","phi0.hat.mean","phi0.hat.sd","beta.mean","beta.mean.sd","beta0.mean","beta0.mean.sd","RMSE.arima","RMSE.qr","diffrmse.mean","diffrmse.sd","diff.intercept.mean","diff.intercept.sd","diff.lag","diff.lag.sd"
100,0.05,0.25,0.01,0.512624252322721,0.122763426979551,0.0133333333333333,0,0.975851901464643,0.0124472342606258,0.235823600271441,0.150037165205533,0.829800199151395,0.1985535085214,0.289070043692325,0.118912159267963,0.170157884424362,0.123258938760112,-0.132448845805501,0.197814619577198,0.27680065205128,0.14374528751158
100,0.05,0.25,0.05,0.291787230018892,0.103653626801502,0.0666666666666667,0,0.982608264205889,0.0258610135242873,0.234456082318289,0.193336949062616,0.599269491932088,0.263072929375169,0.292231429791109,0.267275293692259,0.0249561360988499,0.0438074607619578,-0.0882913340661842,0.257831358881346,0.0573311477006027,0.16925154352383
100,0.05,0.25,0.1,0.265065491325773,0.0992495912184675,0.133333333333333,0,0.981651648864522,0.0363749047610275,0.235817772725867,0.198767664948193,0.421640329808165,0.275230159735539,0.394124937236616,0.38015212329522,0.0139728139413963,0.0418915019444837,-0.0725803204708874,0.266840295573964,0.0292477185999057,0.179279387970728
100,0.05,0.25,0.5,0.239011001746974,0.0950151703106661,0.666666666666667,0,0.983518892711481,0.0783975921983273,0.242203355789928,0.21221463427153,-0.325017931618044,0.327818881998473,0.837801983140026,0.849389078743405,-0.011587095603379,0.0478499035094393,-0.0445849365584099,0.300327180376245,-0.00319235404295381,0.190121961043324
100,0.05,0.25,1,0.232062953277742,0.0992579545152743,1.33333333333333,0,0.976644858904447,0.113749166615132,0.228903494510062,0.217931376536278,-0.859568109556627,0.382355854239795,1.17969383017912,1.2069627996338,-0.0272689694546815,0.0612752785644587,-0.0560581546645662,0.330436649857532,0.00315945876768003,0.188290212860415
100,0.05,0.5,0.01,0.91678732351618,0.035825030489707,0.02,0,0.883130018741732,0.034205691524146,0.47961406246484,0.109199365347654,0.807833937806664,0.214927203774922,0.639727247846758,0.145649187164831,0.494078060681928,0.0618014269413856,-0.254211984257581,0.211095242133086,0.437173261051341,0.104192200528215
100,0.05,0.5,0.05,0.609181746445264,0.0818701792231598,0.1,0,0.964501544606101,0.0314177836073715,0.482570163650088,0.168046890341549,0.516228128442531,0.334081261774453,0.379486409670313,0.328786420962096,0.0506999887082174,0.0683514093616111,-0.135499474461956,0.331085440369816,0.126611582795177,0.152424660410318
100,0.05,0.5,0.1,0.545849966127258,0.082107296361282,0.2,0,0.971385956477724,0.043397836983065,0.479633585281402,0.173960170158914,0.314986567336559,0.354717771818292,0.482795671992989,0.46478152871251,0.0180141432804795,0.04970011723405,-0.124990503601021,0.346882234642255,0.0662163808458561,0.15706401519332
100,0.05,0.5,0.5,0.486387840252153,0.0849657040281584,1,0,0.966453567440532,0.0975218077366105,0.47126915107697,0.183824389456863,-0.586051850521466,0.41676828312454,1.02888182501053,1.0399805115614,-0.0110986865508701,0.0634884809741957,-0.104972724887467,0.381578117907594,0.0151186891751829,0.164701625066206
100,0.05,0.5,1,0.48065426312068,0.0918037233776144,2,0,0.966934113988873,0.134453285949059,0.483226621236027,0.194098323236719,-1.28901983307025,0.481235348269787,1.44761908607809,1.47540164551841,-0.0277825594403207,0.0819433699434586,-0.0737562544705256,0.424925812675588,-0.00257235811534729,0.168572089129573
100,0.05,0.7,0.01,0.984054312453719,0.00339425424603395,0.0333333333333333,0,0.710573421529561,0.0272306833244915,0.680290136183728,0.0786940288822232,0.764056863579008,0.25404846179783,0.59031581859418,0.188219052007656,0.402096766586524,0.0275551487795127,-0.454758382413488,0.253540703334107,0.303764176269992,0.0778665533664372
100,0.05,0.7,0.05,0.847740514274988,0.0462613286435564,0.166666666666667,0,0.916037063472667,0.0365451175206589,0.676793158234163,0.125795224560224,0.406884235616924,0.411943266178882,0.552650501993048,0.422406962100817,0.13024353989223,0.10281776942707,-0.242315274359302,0.406315880886939,0.170947356040824,0.114661680845315
100,0.05,0.7,0.1,0.772337741809608,0.0582010126724684,0.333333333333333,0,0.936292585036714,0.0546636670818863,0.678163142511023,0.137495090864074,0.133726108789322,0.457182883970437,0.631904425538475,0.600602961449222,0.0313014640892536,0.0688025075587878,-0.207156976476759,0.450963343140651,0.0941745992985857,0.123525571134202
100,0.05,0.7,0.5,0.685698856954016,0.0752833204828978,1.66666666666667,0,0.939400745263399,0.121419186876023,0.66570936068194,0.164375138335924,-1.00725730140838,0.600636042048993,1.34049417892275,1.35628102575945,-0.0157868468367015,0.0920427982178318,-0.200202118136585,0.563028451107453,0.0199894962720766,0.14583292980039
100,0.05,0.7,1,0.675493797367449,0.0743682621840289,3.33333333333333,0,0.949916414780431,0.172242130397788,0.669901848243776,0.16428685570117,-1.8861414422035,0.672940210816211,1.87506884177867,1.91571792548641,-0.040649083707739,0.117900661715695,-0.175288927516024,0.586785932823046,0.00559194912367362,0.146411611066115
100,0.05,0.9,0.01,0.996557891746296,0.00054523595914378,0.1,0,0.562586323018058,0.0282582383537528,0.893408711655055,0.0321167351661749,0.546000909984501,0.294477068368182,0.507793392657007,0.325544295304845,0.182249097352162,0.0429376735535234,-0.642242091107931,0.303460446087568,0.103149180091241,0.0319587790041225
100,0.05,0.9,0.05,0.98285128936261,0.00525275735647586,0.5,0,0.680944041314894,0.0474622265590701,0.882844956518894,0.0634771363059295,-0.00212354583478934,0.588542950482967,0.834957219420213,0.732890331824741,0.102066887595472,0.0849643256588626,-0.577299890149204,0.587039894744958,0.100006332843716,0.0624871300899778
100,0.05,0.9,0.1,0.959756089314014,0.0166209230669924,1,0,0.759732861268832,0.0674213188309192,0.875880395869338,0.0781103852483314,-0.427800145946548,0.72402430573165,1.07359344467585,1.04127946558744,0.0323139790884108,0.102108505313664,-0.540180033294273,0.71220861836031,0.0838756934446755,0.0735066086524618
100,0.05,0.9,0.5,0.889605445685034,0.0444702389498563,5,0,0.840591896338039,0.184436012900522,0.861442300688603,0.103946401788932,-2.2771562337313,1.09053950647723,2.32790933254042,2.35576174909862,-0.0278524165582031,0.232753011120992,-0.597381601219611,1.01728417073249,0.0281631449964316,0.0920537515706007
100,0.05,0.9,1,0.871897434929513,0.0495721651596961,10,0,0.845808669183172,0.259641224395338,0.860749967869165,0.107848238866296,-3.8300117601858,1.2125978773814,3.28243631915934,3.34330749760222,-0.0608711784428735,0.289039931317963,-0.544280487142744,1.12014527948889,0.0111474670603479,0.0951418928024056
100,0.1,0.25,0.01,0.51787496550973,0.118535602112169,0.0133333333333333,0,0.974784368788387,0.0125759211743808,0.232714634607329,0.11670357500644,0.874758014770327,0.155071444254775,0.3059660393103,0.118005134679253,0.187960904631048,0.126185955744567,-0.116431302535947,0.153444720814728,0.285160330902401,0.112309224802762
100,0.1,0.25,0.05,0.295478792904211,0.103177339766704,0.0666666666666667,0,0.981410901038054,0.0257414480370773,0.236792475809416,0.149496981864623,0.68829986938307,0.203009486018751,0.293551091309997,0.264443139045171,0.0291079522648265,0.0451748009856149,-0.0741014567214907,0.199567481963466,0.058686317094795,0.123040807121839
100,0.1,0.25,0.1,0.261071084002829,0.101571274535284,0.133333333333333,0,0.983903681341621,0.0365428047489587,0.23355331157166,0.15853543055502,0.554093664740715,0.219062301452641,0.393126878405981,0.375271840144982,0.0178550382609999,0.0399332568363166,-0.0638028935312924,0.213323333789052,0.0275177724311696,0.132476352972919
100,0.1,0.25,0.5,0.236501413544719,0.0995330232473092,0.666666666666667,0,0.985794122069853,0.0827013590182247,0.238288350660921,0.171575364215757,-0.0137046098581023,0.267112737923677,0.836448163329796,0.839321807162491,-0.0028736438326952,0.0350679145121483,-0.0494091156491618,0.24001680296024,-0.00178693711620269,0.13740958025125
100,0.1,0.25,1,0.233917267050994,0.0990696634181386,1.33333333333333,0,0.981453929148026,0.114902312784578,0.245567051029382,0.171123204011029,-0.464838016438765,0.292320619206655,1.17348860325256,1.18420739800119,-0.0107187947486274,0.0443997894957797,-0.0310405422280148,0.254250509217048,-0.0116497839783879,0.141048458864263
100,0.1,0.5,0.01,0.916313239222366,0.035720657524106,0.02,0,0.884062341626453,0.0342652317636433,0.479413016862474,0.0891353920427771,0.860443728317124,0.175583781616836,0.659952571262748,0.143653902651653,0.516298668611096,0.0578169130392879,-0.233291407773224,0.168844398932589,0.436900222359893,0.0802980730915294
100,0.1,0.5,0.05,0.611891740018951,0.0780390506397468,0.1,0,0.966761493317655,0.0305908943922472,0.485364015436476,0.126449093491389,0.629021955410696,0.255110737015992,0.381573597921659,0.323485662768305,0.0580879351533536,0.068913896215625,-0.117129588879698,0.250953170801787,0.126527724582474,0.104602143849449
100,0.1,0.5,0.1,0.542838546789982,0.0826606259256801,0.2,0,0.969713092001366,0.0435226955386206,0.470586949848102,0.13511844430801,0.487012757502447,0.278686502176832,0.481963727335405,0.45817289972215,0.0237908276132557,0.0466134639594617,-0.128142503601364,0.27074530741252,0.07225159694188,0.110953261799542
100,0.1,0.5,0.5,0.486110148392604,0.0888130362962603,1,0,0.973279148556713,0.0980594010450273,0.480818841545183,0.1548514336343,-0.235840985054577,0.349177930919299,1.02579255126303,1.02641308162566,-0.000620530362632412,0.0464897947023757,-0.0780152055420751,0.321321178401784,0.00529130684742103,0.125681159724052
100,0.1,0.5,1,0.475304714034358,0.0898129799162971,2,0,0.973491343766569,0.138225459700085,0.47941041160713,0.149947361421194,-0.763886510611286,0.387314833028208,1.44375691409081,1.4526211614135,-0.00886424732268977,0.0562723178447506,-0.0860930050111802,0.32453193958599,-0.00410569757277182,0.12092183544486
100,0.1,0.7,0.01,0.983938849348273,0.00341085598119905,0.0333333333333333,0,0.710635970669336,0.0269524867426326,0.683023315293698,0.0643984639136654,0.823328652042165,0.209254731404478,0.610553444519969,0.186283895516742,0.424269549003227,0.0239751692455869,-0.4257890995002,0.206884626782237,0.300915534054575,0.0633097608240927
100,0.1,0.7,0.05,0.850077839103364,0.0436760800860366,0.166666666666667,0,0.916240602101555,0.0382609057866104,0.680071104048205,0.0964157165972905,0.548802894060304,0.318182378577878,0.565352779958689,0.418073357044028,0.147279422914662,0.101001748820151,-0.215680844144896,0.311713584820512,0.170006735055159,0.0840577847575212
100,0.1,0.7,0.1,0.769284285165879,0.0610149139340945,0.333333333333333,0,0.936575673399304,0.0533115325810135,0.675225472180955,0.116507424027419,0.345655763608561,0.389073425269424,0.63322695357125,0.594073865373516,0.0391530881977346,0.0686566292887007,-0.199349461538174,0.381183780974703,0.0940588129849233,0.0925591517356869
100,0.1,0.7,0.5,0.682805981942564,0.0742888801510335,1.66666666666667,0,0.938515355611422,0.121992417625983,0.665794584055783,0.133297054115268,-0.530648665109941,0.488622799976391,1.33456114683548,1.33354231230063,0.00101883453485329,0.075331266530081,-0.196695142715995,0.444161575185475,0.0170113978867807,0.107680444677079
100,0.1,0.7,1,0.676253849395181,0.0738894114935467,3.33333333333333,0,0.936342844048979,0.169676860453099,0.67866861481402,0.131649443309005,-1.27177957630348,0.541010178870804,1.8761051676424,1.89133535972537,-0.0152301920829748,0.0829758653819897,-0.135632191798,0.466533261170101,-0.00241476541883878,0.106340361650521
100,0.1,0.9,0.01,0.996569699460694,0.000532178657762346,0.1,0,0.563597591946464,0.0281742626906446,0.895266105230964,0.0244508140021841,0.643607551006795,0.224964884811872,0.531784707493002,0.321478719048953,0.210305988444049,0.0385426219319137,-0.593081914771782,0.232240870290145,0.10130359422973,0.02428868324486
100,0.1,0.9,0.05,0.982940246521952,0.00571089571216147,0.5,0,0.681714476736969,0.0471089279944351,0.885002325868788,0.0499963812596275,0.229079956062449,0.454248677984135,0.847639754324539,0.723392458609629,0.12424729571491,0.075529889898606,-0.525849003562736,0.456349790337238,0.0979379206531637,0.048278729537801
100,0.1,0.9,0.1,0.960978155307412,0.0152468366660478,1,0,0.760923012327005,0.0684039378809294,0.879606608594331,0.0640720272494464,-0.0875286784371888,0.609072976265951,1.07633898962979,1.02620017010769,0.0501388195221017,0.0829952444965792,-0.494421150281559,0.5934860931751,0.0813715467130808,0.0594616489980821
100,0.1,0.9,0.5,0.886862426553141,0.0458798036410174,5,0,0.833452178287765,0.186474122344612,0.86213605077894,0.0895901009852151,-1.53006599929049,0.906271072696488,2.3254896876277,2.32976547082655,-0.0042757831988536,0.176728554072009,-0.539002517947785,0.840959011244909,0.0247263757742016,0.0725448744194722
100,0.1,0.9,1,0.8690376818706,0.0525465655460072,10,0,0.838443395122359,0.276591836664092,0.859640220315963,0.0937244863328909,-2.67016893351189,1.03834986518178,3.28877951487039,3.31570691280497,-0.0269273979345778,0.237254389005347,-0.556302853799625,0.919394489126831,0.00939746155463699,0.0729953476504127
100,0.5,0.25,0.01,0.515098132537233,0.120166360146841,0.0133333333333333,0,0.975368584676553,0.0122727146073943,0.243608162575112,0.0765456962563394,1.00887974381258,0.101307330535746,0.359226778214756,0.116781018482844,0.242445759731912,0.134338286599855,-0.0335111591360246,0.0969852150033712,0.271489969962121,0.0788580131389304
100,0.5,0.25,0.05,0.294053547024291,0.10357961610904,0.0666666666666667,0,0.982374524625174,0.0248164909048992,0.240725503054566,0.104358965204466,1.01140037754933,0.142105893989188,0.292844116313659,0.260636250286962,0.032207866026697,0.0462214095323864,-0.0290258529241515,0.137850425236405,0.0533280439697248,0.0691112511232284
100,0.5,0.25,0.1,0.263321296907372,0.102480835984243,0.133333333333333,0,0.984000680266739,0.0369471556804249,0.237812712025367,0.11213784856018,1.01731926932863,0.155412000246825,0.390807173392086,0.369958393213125,0.0208487801789611,0.0346701114595161,-0.0333185890618918,0.149544428661439,0.0255085848820049,0.0661954739338429
100,0.5,0.25,0.5,0.239510229472412,0.0974581618924216,0.666666666666667,0,0.979456974268693,0.0800971761210138,0.237344908255544,0.12338098090247,1.01129738084844,0.188983205312643,0.835489454470382,0.830463066626524,0.00502638784385784,0.0254510085277963,-0.0318404065797481,0.16822275126493,0.0021653212168675,0.0752887586303882
100,0.5,0.25,1,0.23168814252478,0.0959334552468029,1.33333333333333,0,0.98580241942458,0.113401988135112,0.232065489943846,0.127392008092602,1.02842569050298,0.22909492330634,1.172460538672,1.17367960108869,-0.00121906241668615,0.0285885008921835,-0.0426232710783964,0.192118310262633,-0.000377347419065966,0.0746796011185718
100,0.5,0.5,0.01,0.916982094031323,0.0346510559704158,0.02,0,0.883210571547939,0.0349304123205409,0.492796079646828,0.061749835746593,1.01358013394653,0.122775628934278,0.734056068774288,0.142618600948306,0.591437467825982,0.0445635176144957,-0.130369562398594,0.107033588525147,0.424186014384494,0.0508583037719353
100,0.5,0.5,0.05,0.610135423509493,0.0805331099531414,0.1,0,0.963180249339684,0.0305717848198201,0.484364608539485,0.0924636887557869,1.0300019566234,0.184836858459697,0.395398274154106,0.319483857657689,0.075914416496417,0.0769342606616686,-0.0668217072837203,0.179382835794761,0.125770814970008,0.05692526897747
100,0.5,0.5,0.1,0.544249337497624,0.0859108950880653,0.2,0,0.969320387915516,0.0437591651728265,0.478607343476341,0.103112261308227,1.04315250606723,0.211749694286405,0.482565737988963,0.452603896291757,0.0299618416972061,0.0454658981998274,-0.0738321181517162,0.202076745962861,0.0656419940212834,0.0618556014141902
100,0.5,0.5,0.5,0.485996857101084,0.0882150547507469,1,0,0.968767537511528,0.0988819090169641,0.475464288263081,0.105672509072753,1.04165032661828,0.248182502998024,1.02302991287078,1.01296843956247,0.0100614733083138,0.0385090034719138,-0.0728827891067527,0.218850139667875,0.0105325688380036,0.0640283959012251
100,0.5,0.5,1,0.475327164017224,0.0900047006375169,2,0,0.967067806602552,0.143876151780696,0.474498409897282,0.112206894239887,1.04609531984918,0.302718924866146,1.441415237447,1.43907112435331,0.00234411309369233,0.0479660166700923,-0.0790275132466268,0.250229876565051,0.000828754119942304,0.066961564888282
100,0.5,0.7,0.01,0.983993161251035,0.00337311602540235,0.0333333333333333,0,0.710687781040908,0.0278144649497948,0.691989616556058,0.0457011704508111,1.02680089530023,0.149209329364639,0.686141302792042,0.184284850045295,0.501856452746746,0.0253731336047603,-0.316113114259325,0.140668180086919,0.292003544694978,0.0442059614911619
100,0.5,0.7,0.05,0.845395388767142,0.0464372549177764,0.166666666666667,0,0.914702882541476,0.0379165380023823,0.680613990176127,0.0762608895173746,1.05953786132327,0.249153170975561,0.590351113260772,0.414734133769913,0.175616979490859,0.0991256719180247,-0.144834978781799,0.235940839456945,0.164781398591015,0.0524986303650666
100,0.5,0.7,0.1,0.766887680492753,0.0584398760960869,0.333333333333333,0,0.932508917929611,0.0532654561779944,0.672277743273333,0.0818075240968265,1.08467777163729,0.273644108153177,0.632050772420292,0.586181458687455,0.0458693137328369,0.0587611563809793,-0.152168853707679,0.260352129442149,0.0946099372194199,0.0523546283486858
100,0.5,0.7,0.5,0.686615133142838,0.0716106319201717,1.66666666666667,0,0.945609400758847,0.127737465721132,0.669730779610678,0.0921440094257431,1.09984843929238,0.349650151819597,1.32268511193283,1.3086256737831,0.0140594381497272,0.0548579555398695,-0.154239038533531,0.311651393883971,0.0168843535321593,0.0534088149297438
100,0.5,0.7,1,0.674113512296303,0.0749872818868821,3.33333333333333,0,0.94068307597458,0.183319413047183,0.669671330111679,0.093114727214027,1.09299357478888,0.40103319823386,1.8603042982266,1.85199019330421,0.00831410492239128,0.0679492814904067,-0.152310498814301,0.32740165526746,0.00444218218462407,0.056689967746899
100,0.5,0.9,0.01,0.9965262322637,0.000538816161247392,0.1,0,0.561177575235161,0.0288161573296438,0.896183786524902,0.0184079362370097,1.0333638370278,0.169687126526886,0.618250075888678,0.320383952668419,0.29786612322026,0.0359916549850825,-0.472186261792637,0.171792656698931,0.100342445738798,0.0181939834504998
100,0.5,0.9,0.05,0.983297573694084,0.00508617306347457,0.5,0,0.68257131838589,0.0477174977422099,0.887686957014257,0.0387190324498431,1.11410897220053,0.360172937426928,0.887275412035531,0.7152984554168,0.171976956618731,0.0595083769999604,-0.431537653814642,0.349855261866741,0.0956106166798265,0.0365860981148161
100,0.5,0.9,0.1,0.95906304300023,0.0168147503797231,1,0,0.761808974700921,0.068526751429436,0.877374932415776,0.047420926061146,1.19356964721487,0.439655094602878,1.0842264058782,1.01589997715514,0.0683264287230601,0.0757217210097096,-0.431760672513945,0.41473866156271,0.0816881105844542,0.0391923669914334
100,0.5,0.9,0.5,0.886488433464652,0.0463139811949627,5,0,0.848101780441143,0.181214850467012,0.861917937416939,0.0645826415837715,1.34711475073118,0.656763155311871,2.30893060790311,2.28170674328303,0.0272238646200799,0.126799695841132,-0.499012970290039,0.591655088717427,0.0245704960477129,0.0398612067232361
100,0.5,0.9,1,0.871174473976209,0.050332410168306,10,0,0.831264527212698,0.259008794479121,0.860951615217634,0.067023719296205,1.30871818883231,0.765001224408855,3.2548248303276,3.23739226660732,0.0174325637202853,0.172771877508796,-0.477453661619617,0.652411394761787,0.0102228587585746,0.0409014193077102
100,0.9,0.25,0.01,0.512452732639837,0.119961168045562,0.0133333333333333,0,0.974967294013753,0.0126051761576492,0.246553330497525,0.117782973181737,1.15146975763626,0.15627571526505,0.415717360534959,0.117566635064368,0.298150725470591,0.137470334036383,0.0402760930391082,0.151232696396688,0.265899402142312,0.119512872653628
100,0.9,0.25,0.05,0.295125477524537,0.0972298639370565,0.0666666666666667,0,0.983067103527293,0.0262254416891285,0.244612784747622,0.155555702146184,1.33513273383223,0.208767599830517,0.296380861768007,0.264806190449826,0.0315746713181811,0.0454235222776328,0.0147005047727663,0.203557791661724,0.0505126927769153,0.128477526733234
100,0.9,0.25,0.1,0.263656648668134,0.101302106490594,0.133333333333333,0,0.981183383371914,0.0358156212897206,0.240549535819879,0.16679236946505,1.4756991937092,0.22499049454644,0.392919531700552,0.375660941248431,0.017258590452121,0.0340327428089263,-0.00071746635147542,0.219012907170958,0.0231071128482554,0.137648754590331
100,0.9,0.25,0.5,0.239764495608322,0.0981507305850987,0.666666666666667,0,0.97901295192396,0.0807033966177105,0.234208308517746,0.17175952424359,2.05685222542829,0.271749220140154,0.83594231629809,0.83891902920444,-0.00297671290634943,0.0367345749235582,-0.0268176739375696,0.242373191860642,0.00555618709057648,0.139772551581592
100,0.9,0.25,1,0.232410414485833,0.0971237574519046,1.33333333333333,0,0.98393786902971,0.113100397914935,0.230374185755242,0.172425856447456,2.49253303154586,0.293445597727911,1.17725184335522,1.18783039072096,-0.0105785473657346,0.0419380974729894,-0.0331744010749987,0.253529174922296,0.00203622873059067,0.142368783550585
100,0.9,0.5,0.01,0.915468118330725,0.0364415668065953,0.02,0,0.883535922509796,0.0345214476209726,0.505976042842938,0.0894130034242702,1.16873958929602,0.175638911597451,0.805715061089517,0.144300906136998,0.661414154952519,0.0402660259988454,-0.0281235927895662,0.162361453839812,0.409492075487787,0.082145454553392
100,0.9,0.5,0.05,0.61039490781318,0.0815484916334231,0.1,0,0.964921069979332,0.0310510926197254,0.490975446261253,0.13115368845241,1.42291762374031,0.263342213499838,0.418319227920587,0.323379688304104,0.0949395396164835,0.0844371614300928,-0.00308349587718465,0.2529935471383,0.119419461551928,0.111110919921191
100,0.9,0.5,0.1,0.542565470770737,0.0863134973227523,0.2,0,0.96734365915268,0.0441359904104699,0.483696486944671,0.14910849921342,1.60108081301937,0.305380819568703,0.4871568575207,0.459481681650846,0.0276751758698542,0.0492193608734568,-0.0232508037463994,0.292480026032394,0.0588689838260653,0.120046915727275
100,0.9,0.5,0.5,0.479767067489043,0.0866808043137278,1,0,0.975982301222838,0.0970646890908477,0.476388685218999,0.150495748386516,2.31985059911999,0.338517957289442,1.02311624213484,1.02234837610815,0.000767866026686005,0.0500184520563115,-0.0560046725483129,0.31566022464985,0.0033783822700433,0.120748759264772
100,0.9,0.5,1,0.481883642248751,0.0853304462272525,2,0,0.964070820937639,0.134625206140231,0.477598830792413,0.152350726079827,2.83446227035394,0.377098337692009,1.4390530634339,1.44846281178023,-0.00940974834633188,0.0542572285477839,-0.059268087298624,0.333434673543245,0.00428481145633801,0.125020256515144
100,0.9,0.7,0.01,0.983919119624982,0.00350474049649413,0.0333333333333333,0,0.710358866057477,0.0277556921693733,0.701510136252047,0.0630194176952675,1.22698368448267,0.203409738694409,0.761259088034906,0.185244160269927,0.576014927764979,0.0366202020367905,-0.203782011583052,0.193131552666922,0.282408983372936,0.0619369894886689
100,0.9,0.7,0.05,0.848692474526456,0.0447048920608315,0.166666666666667,0,0.913377244256611,0.0374228046804013,0.687875289848069,0.103149361948623,1.55715040846591,0.336841411717468,0.635451078188482,0.418034302922984,0.217416775265498,0.0990196109127392,-0.0600573252871506,0.320966738983175,0.160817184678387,0.0910311054752094
100,0.9,0.7,0.1,0.770481581464491,0.0576235713945014,0.333333333333333,0,0.935079889195654,0.0557572411748817,0.678632323885315,0.114116379351751,1.80521585129056,0.378349182017241,0.645066840236035,0.591339196439854,0.0537276437961814,0.0717873223658672,-0.0813118433396491,0.361589705485429,0.0918492575791758,0.0954220184710639
100,0.9,0.7,0.5,0.685780763791574,0.0735161050583212,1.66666666666667,0,0.950795691478896,0.122585793707451,0.667261529140347,0.127298617713771,2.76072004028955,0.470763041487316,1.33646017846883,1.33343008480815,0.00303009366068802,0.0736050166650917,-0.138411273966258,0.430236884208072,0.0185192346512276,0.104088983513954
100,0.9,0.7,1,0.673051011736067,0.0727917324331731,3.33333333333333,0,0.941910913480138,0.178739610072085,0.675294453720182,0.129661313293712,3.41448520968128,0.543696422368742,1.86550563821924,1.88102300649752,-0.0155173682782711,0.0915048394460521,-0.130233592226628,0.46545607549562,-0.00224344198411469,0.106960058451033
100,0.9,0.9,0.01,0.996533698639656,0.000552772656159754,0.1,0,0.563814756296751,0.0288028613179681,0.897562526154374,0.026527394121249,1.42742577834117,0.246935586502869,0.716690799659481,0.322755848918655,0.393934950740827,0.0469578566980832,-0.348559911993551,0.235874349379262,0.0989711724852823,0.0263732272784766
100,0.9,0.9,0.05,0.98298992136626,0.00523501313870654,0.5,0,0.680054975595196,0.0457590584993343,0.892018811103083,0.0522887224633901,1.96945222860627,0.477912065208276,0.926721715980091,0.722445604077039,0.204276111903053,0.0744284327182839,-0.311206221232566,0.454953934174534,0.0909711102631767,0.050843643827478
100,0.9,0.9,0.1,0.959932017283838,0.0159575236608151,1,0,0.764956321471087,0.0646118037914967,0.87789704685661,0.0637572787318046,2.47380669591574,0.593381829415555,1.10572415830924,1.02445791317774,0.0812662451314962,0.0976965456108308,-0.363995532935828,0.55858011613009,0.0820349704272279,0.0581470222921086
100,0.9,0.9,0.5,0.890432180677755,0.0457253175560008,5,0,0.839244871955083,0.191117548067654,0.865594009025672,0.0861955914298446,4.13606040248194,0.860699662779182,2.31962172993962,2.32820953240717,-0.00858780246754929,0.154277499306437,-0.413236498399309,0.781570997080254,0.0248381716520826,0.0712122725071263
100,0.9,0.9,1,0.873915450824213,0.047287086775425,10,0,0.860547910013956,0.261056279629682,0.864370471167417,0.0882147067304511,5.38853778344211,1.02587406838023,3.27018870613629,3.30702075052867,-0.036832044392382,0.248273786568662,-0.458997299299237,0.877271424943183,0.00954497965679627,0.0725610307537626
100,0.95,0.25,0.01,0.514323903055961,0.123750395426836,0.0133333333333333,0,0.975854541992664,0.0127027034226637,0.24275696404817,0.152013474160568,1.19838222495314,0.200642446212724,0.437330995791196,0.119259407083484,0.318071588707712,0.141662179011554,0.0555623492400749,0.197249097646527,0.27156693900779,0.154682793040306
100,0.95,0.25,0.05,0.293589180338549,0.10536664235657,0.0666666666666667,0,0.981091706640098,0.0253377407312172,0.248346471247497,0.197863367070059,1.42411621499921,0.264993427948012,0.304127564404126,0.269440956845345,0.034686607558781,0.0506067232379517,0.0290792395545607,0.260127122934921,0.0452427090910522,0.174625680007511
100,0.95,0.25,0.1,0.259292427578544,0.101915786303673,0.133333333333333,0,0.980865519176951,0.0359567626932234,0.236241181650463,0.202998989372978,1.6124767939322,0.276713907693279,0.393400102953311,0.380592757607607,0.012807345345704,0.0368054351104357,-0.00031221914101002,0.271850191396529,0.0230512459280814,0.182895500511225
100,0.95,0.25,0.5,0.237130277795722,0.0995838040662144,0.666666666666667,0,0.983474766340824,0.0843985679887282,0.231145555225121,0.201743045905901,2.35900115018294,0.306611126801193,0.837437894236951,0.847076405243544,-0.0096385110065931,0.044442935527467,-0.0255905660595667,0.279921055264518,0.00598472257060093,0.186711070976523
100,0.95,0.25,1,0.235011206887925,0.0991448638868725,1.33333333333333,0,0.979572251705591,0.12040141726458,0.227045710016928,0.208204464323776,2.915876839791,0.370933480198101,1.17865744756822,1.20189257219126,-0.0232351246230449,0.0629161523832,-0.0385881180846554,0.31369238047728,0.00796549687099746,0.181541626084775
100,0.95,0.5,0.01,0.916967994516316,0.0359230272541298,0.02,0,0.88343357629714,0.0337149247566387,0.498837381398719,0.126341476319767,1.23482571716333,0.247649216661138,0.829395428922596,0.145747880810708,0.683647548111888,0.0391581007788845,-0.0217429963775842,0.238625821006054,0.418130613117597,0.122197797856456
100,0.95,0.5,0.05,0.607398374645036,0.0831393763805761,0.1,0,0.963988586931429,0.0312297548070915,0.488259634868159,0.171892966472724,1.54233826785121,0.34288145393746,0.423144790929885,0.328560953862862,0.0945838370670231,0.0876415016168537,0.00692905954873308,0.333146690029331,0.119138739776877,0.149460677940323
100,0.95,0.5,0.1,0.545753897446062,0.0871871229871783,0.2,0,0.966797930721264,0.0422104678438706,0.479692960459066,0.176080607268148,1.76651562384575,0.354355553396348,0.491776066490864,0.464420373489296,0.0273556930015679,0.0548908438957987,-0.0169527946974697,0.345174863993504,0.0660609369869963,0.154457025199004
100,0.95,0.5,0.5,0.485379989819336,0.084106742851,1,0,0.97140567765007,0.0946720302630195,0.474887623666698,0.191390541258762,2.68041730737998,0.436559755783982,1.03135939979475,1.04315023578872,-0.0117908359939737,0.0592384821945315,-0.0487160495642544,0.396290491206164,0.0104923661526382,0.17009655523427
100,0.95,0.5,1,0.476561131208236,0.0881594076342298,2,0,0.974387368936158,0.139172736545852,0.469055701133135,0.18622382652167,3.37595989559766,0.476265669152827,1.44822202279785,1.47323140960761,-0.0250093868097588,0.0821950761715783,-0.0735593152206922,0.419280261002992,0.00750543007510126,0.167718694990239
100,0.95,0.7,0.01,0.983766197138292,0.00343568978639856,0.0333333333333333,0,0.7122356770569,0.0271086305351999,0.702135040689713,0.086772569011464,1.29504147605806,0.281468107440019,0.786237980969383,0.188294886221819,0.597943094747564,0.0393572091126372,-0.179506002763814,0.271688544924028,0.281631156448579,0.0860025038412111
100,0.95,0.7,0.05,0.847867612980298,0.0439626136030542,0.166666666666667,0,0.916023864547163,0.0390467172955782,0.688797594386286,0.12660361073617,1.70155079679026,0.4122062943668,0.647404670903055,0.421779987856377,0.225624683046678,0.0998485173014239,-0.0349491360783028,0.397353477631724,0.159070018594012,0.116609604467498
100,0.95,0.7,0.1,0.770607791324243,0.0573664883594826,0.333333333333333,0,0.936145101449752,0.0531365098181202,0.684114157001754,0.138401040913763,1.99178056321254,0.456263558065082,0.6528278920167,0.600115505660643,0.0527123863560579,0.0769667501099166,-0.0419585546039404,0.44505640846604,0.086493634322489,0.126690065264577
100,0.95,0.7,0.5,0.688233693875776,0.0720699652264278,1.66666666666667,0,0.945695500405364,0.120940411779737,0.676565412757159,0.158620358076614,3.17730727587567,0.569279215666796,1.33213270463415,1.34870505280127,-0.0165723481671203,0.0913292518849613,-0.0915602678700152,0.537137086429511,0.0116682811186169,0.142710833534412
100,0.95,0.7,1,0.676270255620011,0.074501641352881,3.33333333333333,0,0.960714731977286,0.17059434276716,0.675490571286835,0.159997711181157,4.05947873840242,0.675244918518522,1.87696141162863,1.913284213392,-0.0363228017633764,0.10574402202825,-0.100315633526597,0.584233710371398,0.000779684333175736,0.14104727639863
100,0.95,0.9,0.01,0.996581808325226,0.000538312571143285,0.1,0,0.564542907679561,0.0286497781859532,0.900563411044409,0.0316982044577061,1.51597417563302,0.292326536432651,0.743651470375047,0.324171269009265,0.419480201365782,0.0512382297376304,-0.29258342374152,0.283455216618006,0.0960183972808169,0.0315943769907075
100,0.95,0.9,0.05,0.983190541213694,0.00512801511713313,0.5,0,0.683135066561554,0.0445584829851797,0.889049818887987,0.0622924604541299,2.255847569301,0.579033680458548,0.94285358976233,0.728865214143442,0.213988375618889,0.0862614975286002,-0.317500020877568,0.559509323869104,0.0941407223257071,0.0613311201250047
100,0.95,0.9,0.1,0.959923362705251,0.0161511645674981,1,0,0.76273625448414,0.0675228043209724,0.880801467617442,0.0807376175786985,2.79774607385276,0.757300451573448,1.12103920007752,1.04300707326812,0.078032126809406,0.113590441911329,-0.303561348652776,0.713445211705642,0.0791218950878094,0.0756729944466677
100,0.95,0.9,0.5,0.886153291154348,0.0465631027913863,5,0,0.836351108045078,0.18895679370612,0.857801752825022,0.107523197653068,5.01132628451009,1.08677008593148,2.32046552313577,2.36297505886795,-0.0425095357321764,0.202605926316267,-0.463389530700953,1.00570100977694,0.0283515383293257,0.0951518678855169
100,0.95,0.9,1,0.872253774004326,0.0464776061283579,10,0,0.851558161925897,0.269120186430751,0.865302257468814,0.107785566403331,6.48994389286029,1.25878647840762,3.27763509479306,3.3459199894707,-0.0682848946776354,0.307238985693731,-0.438138945066278,1.13164985614298,0.00695151653551159,0.0981584347661185
1000,0.05,0.25,0.01,0.27722386846014,0.0321022498290204,0.0133333333333333,0,0.998428514634256,0.00359161545651664,0.246702920560846,0.0599027276187123,0.815149974599015,0.0801148141440473,0.124855992561776,0.115833132704329,0.00902285985744644,0.0124827980734441,-0.0180759235863607,0.079924234316253,0.030520947899294,0.0516198782174418
1000,0.05,0.25,0.05,0.254880676885305,0.0309730575986795,0.0666666666666667,0,0.998359031355819,0.00810007866375081,0.24950481559052,0.0660310370160656,0.576832296792051,0.0898130962709101,0.262148653204013,0.259587543624031,0.00256110957998177,0.00510779952878197,-0.00801941255196221,0.0892220388289217,0.00537586129478475,0.0572920925424683
1000,0.05,0.25,0.1,0.248337406095989,0.0317408478990496,0.133333333333333,0,0.998040736743734,0.0115008864951698,0.244093562576245,0.0658611400438087,0.407713727365651,0.0917374739439384,0.368124544070163,0.366675778562076,0.00144876550808698,0.00453062280891315,-0.0130729552508271,0.0897985476376262,0.00424384351974358,0.0573198870108742
1000,0.05,0.25,0.5,0.248826598601364,0.0302340420941518,0.666666666666667,0,0.998633131146544,0.0250382279295135,0.247777744256518,0.0665766025149855,-0.334352384028318,0.102623354272954,0.818241234099864,0.81954311312674,-0.00130187902687592,0.00484874782694238,-0.00873937912581704,0.0963249235118338,0.00104885434484556,0.0577771866753626
1000,0.05,0.25,1,0.246310100003886,0.0305752092880715,1.33333333333333,0,0.998184095246094,0.0369547912997022,0.245410631066009,0.0651884955293157,-0.891409970650856,0.121406618294244,1.15741130097573,1.1602358183761,-0.00282451740036971,0.00632136405390263,-0.0103186466791371,0.103168868381576,0.000899468937876863,0.0582793450846157
1000,0.05,0.5,0.01,0.567976336856704,0.0248308850930833,0.02,0,0.996796068736863,0.00439069003993779,0.493434006105113,0.0513340992727524,0.78091549684287,0.102857160110455,0.188434969453225,0.142126439119719,0.0463085303335058,0.0309803322222458,-0.032629853178746,0.102813880424904,0.0745423307515911,0.0462825720047993
1000,0.05,0.5,0.05,0.511215104091573,0.0269019654665799,0.1,0,0.9970587620852,0.0104037478287436,0.497437342428492,0.0561363593820703,0.484509771500747,0.112981365744183,0.321399984008759,0.317476686073948,0.00392329793481117,0.0073581932618504,-0.0154405459011007,0.112293777752586,0.0137777616630806,0.0502292421601085
1000,0.05,0.5,0.1,0.503307093300917,0.0274515066321372,0.2,0,0.997178368842168,0.0135449023030258,0.494621052018096,0.0562711807517922,0.27473649807438,0.116297214029298,0.451953050427948,0.449715683156842,0.00223736727110622,0.00616178297578391,-0.0192045035932441,0.114902290318583,0.00868604128282188,0.0502911456803184
1000,0.05,0.5,0.5,0.497919469109115,0.028584065992855,1,0,0.996355086437773,0.0319389297701136,0.497659812387443,0.0582997379506954,-0.641323044112398,0.136296773714153,1.00270030331281,1.00379244588386,-0.00109214257104978,0.00614248805240057,-0.00844032583351164,0.12569891210509,0.000259656721672129,0.0508856209603076
1000,0.05,0.5,1,0.497192695381502,0.0285705496384494,2,0,0.998559950295257,0.0449398683285019,0.500338957255825,0.0587785176516906,-1.32307581641055,0.148744006733705,1.41788811268018,1.42060394820264,-0.00271583552246327,0.00741553855525484,-0.00375664378156315,0.132075515950468,-0.00314626187432275,0.0510778331238748
1000,0.05,0.7,0.01,0.799950233363342,0.0165904569113576,0.0333333333333333,0,0.992733022271586,0.00577033594400573,0.696904782400935,0.0419845955694646,0.710284990305739,0.140116859666994,0.357695924694916,0.182918665165801,0.174777259529115,0.0493323390282379,-0.038771304235246,0.139595570039834,0.103045450962407,0.037181302217213
1000,0.05,0.7,0.05,0.71983524019883,0.0218558944619123,0.166666666666667,0,0.994501731111601,0.0124601554497939,0.69803320288336,0.0479538598889508,0.337676647621174,0.160225787321765,0.418538730253817,0.409759023270501,0.00877970698331576,0.0135225053764016,-0.0241946294904963,0.160137783764086,0.0218020373154704,0.0414214428930787
1000,0.05,0.7,0.1,0.708631425787173,0.0221107923627071,0.333333333333333,0,0.99396821107061,0.0180983382492448,0.697768183761613,0.048576540536918,0.0587130847202338,0.166049327574678,0.583549176034881,0.580100942804268,0.00344823323061231,0.00901603237407435,-0.0208393269173779,0.16431367772608,0.0108632420255597,0.0430121998331306
1000,0.05,0.7,0.5,0.698663981001023,0.0231087007861269,1.66666666666667,0,0.995346863576093,0.0409264806530324,0.696691873060599,0.0484167874174896,-1.1111136427865,0.179265245851102,1.29432678613607,1.29606452393078,-0.00173773779471651,0.00790940746669676,-0.0192366591620144,0.167057583316026,0.00197210794042357,0.0427285740294854
1000,0.05,0.7,1,0.697062231457461,0.0228356324357943,3.33333333333333,0,0.994561256349251,0.0582621613684679,0.695579838651909,0.047278941505889,-1.9892614748871,0.198816831732274,1.83097432384767,1.83451950550832,-0.00354518166065477,0.0108850346110288,-0.0207036008839074,0.179368598054094,0.00148239280555239,0.0410329309887094
1000,0.05,0.9,0.01,0.987450429540519,0.00238760840341382,0.1,0,0.935152088961207,0.0162143690739916,0.898399547905703,0.0207937317481974,0.49653280950439,0.206760463679115,0.847143003349748,0.317644571074046,0.529498432275703,0.0257857662400483,-0.107982188094171,0.20621578170502,0.0890508816348169,0.0201776894579588
1000,0.05,0.9,0.05,0.92516477009576,0.00967746866699402,0.5,0,0.979044184498543,0.0221649158642484,0.894651188324409,0.0276556963838124,-0.109311423939178,0.278157786438114,0.746259097531032,0.709995818877137,0.036263278653895,0.0312392865709997,-0.0930927459973342,0.276432407211318,0.0305135817713512,0.0243923354477388
1000,0.05,0.9,0.1,0.911170777808887,0.0119893628068986,1,0,0.979408671124426,0.0313405511391661,0.895806189179308,0.0285839764619106,-0.604163691293998,0.291559303724236,1.01158310943189,1.00390155977603,0.00768154965585395,0.0167631231269617,-0.07480045199358,0.287063058567577,0.0153645886295789,0.0254308852738557
1000,0.05,0.9,0.5,0.898663569422709,0.0140750422576101,5,0,0.981781016548786,0.0688939226261401,0.895289013168241,0.0303980601849495,-2.62569724495766,0.332688210099533,2.24475401411468,2.24710113980669,-0.00234712569201217,0.0157466513563693,-0.073905646531407,0.319103081893645,0.00337455625446878,0.026321639239652
1000,0.05,0.9,1,0.896986592905313,0.0137978418948363,10,0,0.980213120999059,0.0957382552095947,0.895657552924611,0.0280603493110027,-4.15880973363614,0.353911693135575,3.16639614984634,3.17152158881371,-0.00512543896736623,0.0185233311164543,-0.061633890506556,0.313526930053815,0.00132903998070201,0.0245096507429887
1000,0.1,0.25,0.01,0.279279746746177,0.0321605506900667,0.0133333333333333,0,0.998395211007803,0.00366955873879178,0.248016039983326,0.0479152958371438,0.854802029139613,0.0642436385704899,0.126029001153457,0.115784657134467,0.0102443440189899,0.0131256331883558,-0.0131685860038771,0.0638454610530001,0.0312637067628511,0.0404817832038577
1000,0.1,0.25,0.05,0.251499382814533,0.0318306688682374,0.0666666666666667,0,0.998138341555521,0.00813316533944973,0.243576834927984,0.0521539751379286,0.677890984082071,0.071056151478973,0.261924311063606,0.258873732595532,0.00305057846807444,0.00522901722795529,-0.0142330697462241,0.0700262140794342,0.00792254788654966,0.0412266355537062
1000,0.1,0.25,0.1,0.252393391282561,0.0298266049531208,0.133333333333333,0,0.99776860055059,0.0112870816217825,0.248683055485268,0.052361981906359,0.532795925300644,0.0722553993762069,0.367607751667704,0.366037225189785,0.00157052647791936,0.00370547561580157,-0.00537793674893082,0.071178482277793,0.00371033579729314,0.0421610559565363
1000,0.1,0.25,0.5,0.249487927884677,0.0312989417934091,0.666666666666667,0,0.997726632643469,0.0257609906731577,0.248766259518869,0.0547346274494472,-0.0448365065693617,0.0847568803268705,0.819107040290284,0.81915543530647,-4.83950161856774e-05,0.00374248997260692,-0.00346310865542012,0.0785044746193735,0.00072166836580812,0.0444758150267444
1000,0.1,0.25,1,0.247393114635415,0.0309455750933478,1.33333333333333,0,0.996777017694361,0.036788236395114,0.247886176492059,0.051649567316,-0.478929661985404,0.0931300169933005,1.15533266835467,1.15622434302947,-0.000891674674800012,0.00439403800903174,-0.00594703027681008,0.0795472424591709,-0.000493061856644087,0.0409710250164667
1000,0.1,0.5,0.01,0.56808420545229,0.0266390993423966,0.02,0,0.996979485104781,0.00457271348192652,0.49569499481865,0.043375892806941,0.827572507274473,0.0866457491714772,0.191404244391302,0.141773693554314,0.0496305508369874,0.0331449782413722,-0.0242024051812414,0.0868551105082148,0.0723892106336394,0.0337226211400772
1000,0.1,0.5,0.05,0.510749270845835,0.0273226923187506,0.1,0,0.997113692703951,0.00957632764663703,0.495688468224694,0.0459010079488801,0.60253596779699,0.0931980197278252,0.322004774360471,0.317497652879079,0.00450712148139186,0.00773374196610641,-0.0169844876790184,0.0925687324368288,0.0150608026211416,0.0395183444202996
1000,0.1,0.5,0.1,0.504495629571875,0.0269784461041759,0.2,0,0.996685737056652,0.0140150354987545,0.498356164339322,0.0454089910315481,0.430375074114768,0.0941966677854465,0.451147571812034,0.448579397404179,0.00256817440785477,0.00523985536470513,-0.0104118815583597,0.0915212546787021,0.00613946523255364,0.0379975522642418
1000,0.1,0.5,0.5,0.498511139405227,0.0279517461818729,1,0,0.997653392230243,0.0313794886252103,0.497277009658045,0.048495270061711,-0.274639308033993,0.109518526372785,1.00294644856099,1.00280778255429,0.000138666006699708,0.00495928303511696,-0.00949650902418721,0.10198437045081,0.00123412974718144,0.0396734086586913
1000,0.1,0.5,1,0.496351615178183,0.0272732740793671,2,0,0.998749775729978,0.0458174644377506,0.496119551862065,0.0455710272514282,-0.799680218770093,0.116831916141705,1.41556609674717,1.41631367728899,-0.000747580541820334,0.00529197102406189,-0.0135051266265161,0.0998062773590922,0.000232063316117522,0.0368022281724427
1000,0.1,0.7,0.01,0.799538342573168,0.0167150372141227,0.0333333333333333,0,0.992604219006549,0.00593310524382413,0.697637386534936,0.0325122937940015,0.774027075326624,0.108967302776264,0.36054632889724,0.183002105900129,0.177544222997111,0.0495806598146615,-0.0316417736394195,0.108843544802352,0.101900956038232,0.0266732380626548
1000,0.1,0.7,0.05,0.720111544109965,0.0214131143641284,0.166666666666667,0,0.994046797017724,0.0128256798697308,0.697727826654972,0.0378778300992141,0.484032344951185,0.127285770010384,0.418670044286048,0.409526614943089,0.00914342934295841,0.0138192640078794,-0.020921509521407,0.127106542967535,0.0223837174549932,0.0309696627360998
1000,0.1,0.7,0.1,0.706465533053764,0.0229298244797199,0.333333333333333,0,0.994369176535918,0.0176777823576666,0.695375125806218,0.0363380805765312,0.276226387578012,0.124252187109453,0.583078305289674,0.578600217868661,0.00447808742101254,0.0089342416470009,-0.0278612455699531,0.122453145588058,0.0110904072475465,0.0299799487449158
1000,0.1,0.7,0.5,0.697389582217457,0.0229957738441461,1.66666666666667,0,0.994345923324948,0.0411569528582442,0.69405105635674,0.0400217316913303,-0.63394790729265,0.152557067555653,1.29499714450989,1.29504218376772,-4.50392578286238e-05,0.00664036552968049,-0.0284560572747212,0.137667939459776,0.00333852586071708,0.0324713644555721
1000,0.1,0.7,1,0.697489375889875,0.0219366011405255,3.33333333333333,0,0.99185889679306,0.0563529637545431,0.697359308818993,0.0380501920123107,-1.33644183428767,0.161204913526066,1.82893707218957,1.83024394642004,-0.00130687423046751,0.00695273779767001,-0.0135198564623579,0.139006981486737,0.000130067070881336,0.0316954085306143
1000,0.1,0.9,0.01,0.987461901387096,0.00236856652675533,0.1,0,0.935392110645901,0.0164969342066117,0.897493521641793,0.0165442381334106,0.619673267915304,0.16495001411908,0.852843200850715,0.316691203813752,0.536151997036963,0.0239929618226474,-0.110008223933502,0.163516043738275,0.0899683797453027,0.0159724722295688
1000,0.1,0.9,0.05,0.925226992972783,0.00993052802132179,0.5,0,0.977940238811332,0.0221169402117677,0.896309433450776,0.0219320259813538,0.129798934263441,0.222386590465257,0.747208179538506,0.708587828921678,0.0386203506168281,0.032596381127375,-0.0723938602384459,0.219319040253872,0.0289175595220065,0.0183576831538428
1000,0.1,0.9,0.1,0.911922589544889,0.0119906326492671,1,0,0.980586867947621,0.0307755013750108,0.896746940661801,0.0224747807420173,-0.24758787023269,0.228245950954317,1.01298939825363,1.00264902759154,0.0103403706620908,0.0166656810473071,-0.0630857435248781,0.223685921943379,0.0151756488830886,0.0183301732898108
1000,0.1,0.9,0.5,0.899245588195885,0.0134660012867775,5,0,0.977230062674447,0.0697916429881611,0.897078543813693,0.0238753836619838,-1.84240170996732,0.268014519258354,2.24263933978123,2.24181352589638,0.000825813884855523,0.0119814728305665,-0.0510121729215683,0.248093445617396,0.00216704438219239,0.0194057623733079
1000,0.1,0.9,1,0.896845224357839,0.0135229770128178,10,0,0.982835100938933,0.0923948428006349,0.896495828752914,0.0235556072419021,-3.01310868361545,0.283401704595248,3.16979369414172,3.17120003679889,-0.00140634265716926,0.0148406002517738,-0.0586928953266987,0.252982781103411,0.000349395604924486,0.0190860066042894
1000,0.5,0.25,0.01,0.280800654797019,0.0325667746166013,0.0133333333333333,0,0.998312888725988,0.00367787907991647,0.249437687568066,0.036946741998408,1.00084192745082,0.0494837334279868,0.128498197944189,0.115406263865589,0.0130919340785999,0.0151218647826878,-0.00252903872483273,0.0492078230018476,0.0313629672289534,0.0218767569638032
1000,0.5,0.25,0.05,0.254338329654475,0.0305471855904731,0.0666666666666667,0,0.998440458561717,0.00791775229156179,0.24809006821845,0.0375470023204452,1.0026284826461,0.0509226460068323,0.261501797321794,0.258331804177001,0.00316999314479333,0.00497307086995402,-0.00418802408438374,0.0506049107147778,0.00624826143602479,0.0216639549786559
1000,0.5,0.25,0.1,0.252113272195237,0.0312916598036391,0.133333333333333,0,0.998062289736599,0.0115211844540479,0.250264070540994,0.0389472849654119,0.999597938566954,0.0535863907005276,0.368030590803068,0.365863149210611,0.00216744159245717,0.00398803809384683,-0.00153564883035459,0.0525845375976031,0.00184920165424285,0.0232488179506628
1000,0.5,0.25,0.5,0.249348498606517,0.0316846028011638,0.666666666666667,0,0.998839952410385,0.025986306082454,0.248854615430747,0.0389232884209769,1.00241993636426,0.0620793944421969,0.817790027925652,0.817270672010279,0.000519355915372621,0.0026947619932911,-0.00357998395387932,0.0549672594483759,0.000493883175769526,0.0231798313162673
1000,0.5,0.25,1,0.247370616275352,0.0316166440532419,1.33333333333333,0,0.998179785885877,0.0370906425453896,0.248591976055853,0.0383168491697358,1.00266859768252,0.0682714934966335,1.15682106716409,1.15658316683745,0.000237900326639431,0.00295969929635081,-0.00448881179663904,0.057450125220322,-0.00122135978050102,0.0225396249802152
1000,0.5,0.5,0.01,0.569321733359686,0.025772010322564,0.02,0,0.996772735241181,0.00452237159450038,0.499041873200613,0.030259192018248,1.00201094570306,0.0604926653935514,0.199996298692377,0.141513330744871,0.0584829679475066,0.034017555746781,-0.00523821046187567,0.0603644867430224,0.0702798601590728,0.0187496888247525
1000,0.5,0.5,0.05,0.511374555085983,0.0282986643791723,0.1,0,0.99683146918936,0.010101924724549,0.495646114008984,0.033602475637074,1.00844834220446,0.0680676571045631,0.32180456274702,0.316538091939849,0.00526647080717043,0.00787490792269713,-0.0116168730150978,0.0671368428763044,0.0157284410769982,0.0199148180115425
1000,0.5,0.5,0.1,0.504435953230272,0.0280396477466897,0.2,0,0.997360409165164,0.0140302715559835,0.497440218119613,0.0351552627592392,1.00567222925405,0.0719033827330064,0.451198304037644,0.447884653574962,0.00331365046268167,0.00563134464544992,-0.00831182008888299,0.0706292237785516,0.00699573511065893,0.0205740841289976
1000,0.5,0.5,0.5,0.498042684508017,0.027234819221373,1,0,0.99499622487713,0.0315177666963972,0.497888731519625,0.0331512762041503,1.00144041286588,0.076035794410784,1.00231947706044,1.00124411489674,0.00107536216370038,0.00362131533731484,-0.00644418798874713,0.070749659095687,0.00015395298839261,0.020930980038915
1000,0.5,0.5,1,0.497701441187476,0.0260513568964438,2,0,0.997387781728423,0.0422390173028941,0.497208396838587,0.033029235638906,1.00668989246233,0.0846401928166763,1.41645851671083,1.41613768848485,0.000320828225982978,0.00344146088730177,-0.00930211073391035,0.0752609487486004,0.000493044348888122,0.0204056304469847
1000,0.5,0.7,0.01,0.798717535657957,0.0170607689174996,0.0333333333333333,0,0.992748616128508,0.00561937917287445,0.696956961985903,0.0252503652590382,1.01000907061379,0.0836567736289361,0.372029915645938,0.182562453021332,0.189467462624606,0.0498934484084278,-0.017260454485278,0.0836213836436533,0.101760573672054,0.0155550528430701
1000,0.5,0.7,0.05,0.719706766894074,0.0218990219511703,0.166666666666667,0,0.994608887792952,0.0129464132691077,0.697269214419939,0.0274690320824791,1.00953101972888,0.0929503154623091,0.419040363418149,0.40859431092118,0.0104460524969696,0.0130032991387029,-0.014922131935926,0.0914410839408252,0.0224375524741353,0.0159861231633886
1000,0.5,0.7,0.1,0.706810840332807,0.0223227508471083,0.333333333333333,0,0.994327600239563,0.0183525058324926,0.695298846958395,0.0289343006610218,1.01529664174783,0.0990274211665489,0.582775666370747,0.578304298842951,0.00447136752779518,0.00713242055373003,-0.0209690415082712,0.0967701597086641,0.0115119933744118,0.0173978704025251
1000,0.5,0.7,0.5,0.698975122009664,0.0224834286210858,1.66666666666667,0,0.995885869175011,0.0411516854852013,0.698147887597916,0.0276293827824187,1.00678256421997,0.106980385919864,1.29506783867794,1.29362559408605,0.00144224459189143,0.00517273779639806,-0.010896695044962,0.0975844877308385,0.000827234411747944,0.01778978259102
1000,0.5,0.7,1,0.697237728016567,0.0219391878982713,3.33333333333333,0,0.996479474870734,0.0569823869786667,0.69598484593009,0.027437244126279,1.01604428628423,0.117140193552225,1.82649960297654,1.82623023836468,0.000269364611861049,0.00491097111257144,-0.0195648114134974,0.101719586843387,0.00125288208647714,0.0171964035585199
1000,0.5,0.9,0.01,0.987470229885924,0.00236891352079893,0.1,0,0.936154309692397,0.0156645210206756,0.898419908245788,0.0125314393637764,1.01647341338526,0.124770819125516,0.872672179530575,0.316531896314525,0.55614028321605,0.0191190382660888,-0.0803191036928595,0.12207083853312,0.0890503216401362,0.0117336761610585
1000,0.5,0.9,0.05,0.925389306136161,0.0100133378512896,0.5,0,0.978389861377567,0.0215384933478291,0.897002164689047,0.0161591521657894,1.02963861250575,0.164541950733026,0.751609643724882,0.708184979140235,0.0434246645846468,0.0317599080616111,-0.0512487511281814,0.160665568628311,0.0283871414471135,0.0102517886295156
1000,0.5,0.9,0.1,0.911928212129842,0.0117675112646235,1,0,0.978005924107135,0.0308629851982816,0.897180514222719,0.0163907447290862,1.02524754411107,0.166882704390718,1.01278663338334,1.00119476528054,0.0115918681027978,0.0152947975009436,-0.0472416200039338,0.162757837898728,0.0147476979071233,0.0104167901668827
1000,0.5,0.9,0.5,0.897962348084576,0.0139536136749545,5,0,0.981866592464319,0.0677754005026386,0.894546529145716,0.0178338214332255,1.05160970786447,0.19892091620802,2.24023261629704,2.23767174062239,0.0025608756746533,0.00945686471593226,-0.0697431154001502,0.184935849923735,0.00341581893886045,0.0104331165776172
1000,0.5,0.9,1,0.896641122382901,0.0140677994489583,10,0,0.982258666335416,0.100869251716133,0.896193763222417,0.017615906140402,1.03438141128574,0.219740139843332,3.16618156061583,3.16445844525964,0.00172311535619321,0.0115830593294618,-0.0521227449503281,0.19230536241837,0.000447359160483464,0.0103567701262468
1000,0.9,0.25,0.01,0.278464679096674,0.0324624735801997,0.0133333333333333,0,0.998359362639819,0.00354889139225732,0.24666551091776,0.0482806046134764,1.15223059048687,0.0649458740390245,0.130343531042488,0.115776849330158,0.0145666817123298,0.0164441493257575,0.00282024452355514,0.0645054316574993,0.0317991681789143,0.0393228283636396
1000,0.9,0.25,0.05,0.255718692302483,0.0318902159373066,0.0666666666666667,0,0.998170903929456,0.00816904418954964,0.247502192468064,0.0522052614048402,1.33436356691738,0.0710212667379549,0.261702318515795,0.258579836753913,0.003122481761882,0.00530307102249376,-0.00135693482613284,0.0699085665129077,0.00821649983441944,0.0423752742216946
1000,0.9,0.25,0.1,0.252005557835543,0.0318730246350984,0.133333333333333,0,0.998560244343417,0.01162283928124,0.245619622382535,0.054349311568837,1.47437575384035,0.0753149056307605,0.367830009334936,0.366085473390918,0.00174453594401778,0.00390489446699265,-0.00526153074410927,0.0736765711539286,0.00638593545300756,0.0429992172319187
1000,0.9,0.25,0.5,0.250875513455777,0.0318494520105633,0.666666666666667,0,0.997053571768316,0.02593086950496,0.251771166965852,0.0521980235740171,2.0409304531398,0.0834418432711244,0.818662122800241,0.818763982308039,-0.000101859507798102,0.00371664811798787,0.00157966152823905,0.0746441258841396,-0.000895653510074522,0.0426589935180182
1000,0.9,0.25,1,0.248292669246439,0.0297020488342909,1.33333333333333,0,0.999870467275359,0.0368848205402737,0.248755225977558,0.0519026628356406,2.48267851431372,0.0929614081387304,1.15677850452255,1.15786252074275,-0.00108401622020806,0.00415807773560407,-0.00251356242580863,0.0778400999760767,-0.000462556731118203,0.0424945895270442
1000,0.9,0.5,0.01,0.569280243967808,0.0262823715362294,0.02,0,0.996957565039721,0.0044893709394057,0.500102083688655,0.0432219491881461,1.18125495605218,0.086509446373562,0.208431535163426,0.14174895354039,0.066682581623036,0.0362078918953451,0.00934323284831946,0.0861033780181534,0.0691781602791524,0.0351782945843144
1000,0.9,0.5,0.05,0.511931924606544,0.0283660318448508,0.1,0,0.997048959976088,0.00983025054944423,0.498431272719743,0.0463220815903088,1.40785689416333,0.0940702533383335,0.322593677462969,0.317121998608307,0.00547167885466196,0.00846326846453329,3.91098885269965e-05,0.0928996229023248,0.0135006518868012,0.0369700003245363
1000,0.9,0.5,0.1,0.503979080750066,0.0271492285158145,0.2,0,0.996173918838153,0.0140894738296942,0.49675665702743,0.0470726364319099,1.577978427354,0.095192409955474,0.451198178786517,0.448354999209609,0.00284317957690727,0.0054378694219392,-0.00449229095556377,0.0946568429483774,0.0072224237226367,0.0376179106432921
1000,0.9,0.5,0.5,0.497648657699304,0.0276626796636932,1,0,0.997060699291418,0.0305956557607371,0.497845142401406,0.0478818282881125,2.28466747876157,0.109118525901823,1.00172039211448,1.00187336540676,-0.000152973292273439,0.00483250346906865,-0.00568624656603488,0.099265248361827,-0.000196484702102503,0.0389528994901959
1000,0.9,0.5,1,0.498276122797381,0.0274757265383743,2,0,0.997100402842107,0.0460927997006556,0.497664268476205,0.0481718078396155,2.81496221702881,0.118992679802891,1.41583711689521,1.41704401356824,-0.00120689667303079,0.0055882024386719,-0.00626311095481031,0.103337650361859,0.000611854321176299,0.0388512482857466
1000,0.9,0.7,0.01,0.798650846763916,0.0166103693754752,0.0333333333333333,0,0.992538042398665,0.00567945195522738,0.696706957923082,0.0345319114082181,1.24444748184402,0.114050749699029,0.385741666994787,0.183099841091523,0.202641825903263,0.0474623390044419,-0.00156785678623622,0.113518926067814,0.101943888840834,0.0289950124555128
1000,0.9,0.7,0.05,0.720317551300173,0.0224020746808499,0.166666666666667,0,0.99371225195543,0.0129192368633675,0.698240104047724,0.0368142516841897,1.52735188127321,0.125223312718588,0.420753395405661,0.409330902237605,0.0114224931680551,0.0149832428593219,-0.00300986548777166,0.122617269096719,0.0220774472524497,0.0297152163688252
1000,0.9,0.7,0.1,0.708406259077231,0.021806151498389,0.333333333333333,0,0.995004024273321,0.0183562669439894,0.697056815134818,0.0385195115199385,1.74998174569531,0.131370890287061,0.583660932201049,0.57934083537593,0.00432009682511959,0.00806477880782957,-0.0089134315011774,0.128822465155818,0.0113494439424128,0.0310444558734296
1000,0.9,0.7,0.5,0.698330684152463,0.0218259686649808,1.66666666666667,0,0.994185959322633,0.041164243641271,0.696723194276617,0.0376913722528656,2.66365809446652,0.144948693546717,1.29402637106367,1.29386775826294,0.000158612800730125,0.00624761440974365,-0.0131186443776347,0.133221641298396,0.00160748987584625,0.0310026096051676
1000,0.9,0.7,1,0.697875953202818,0.0226506070804227,3.33333333333333,0,0.994088063265847,0.0576492264155845,0.697489442050405,0.0395831432839977,3.34818839319433,0.16611351823198,1.82941431168435,1.83058303514991,-0.00116872346555674,0.00750199443947251,-0.0130267480584499,0.146447711135451,0.000386511152413269,0.0330520545425283
1000,0.9,0.9,0.01,0.987299425311355,0.00244385711108763,0.1,0,0.936839777683539,0.0153042805845675,0.898525398632759,0.0170614407145725,1.42012502169068,0.168960330812798,0.891480379921882,0.317234645080732,0.57424573484115,0.0174243201963028,-0.0569331834056279,0.165325367709509,0.0887740266785962,0.0164255539909761
1000,0.9,0.9,0.05,0.925410212598041,0.00981867616006526,0.5,0,0.977767857722801,0.0218143382274008,0.896353587586019,0.0217252283244838,1.94119114501481,0.215916077195076,0.756497890040776,0.709268454350289,0.0472294356904869,0.0334167038629022,-0.0425247133511468,0.212924108889995,0.0290566250120219,0.0183575201609344
1000,0.9,0.9,0.1,0.910874161408295,0.0120006720666663,1,0,0.980120808923221,0.0299972776655575,0.896449080612827,0.0235034543661908,2.31600100884637,0.238688440695955,1.01180529389077,1.00178704442746,0.0100182494633118,0.0154868325819375,-0.0443963129682767,0.232288472054612,0.0144250807954679,0.0188460113769287
1000,0.9,0.9,0.5,0.89880023525277,0.0133081558606296,5,0,0.980269464956324,0.0696307507242216,0.89506607340716,0.0253129047507785,3.91892514360659,0.283965855919012,2.24364956070896,2.24425750328932,-0.000607942580360582,0.0123725924426114,-0.0634557309433445,0.265181604705604,0.00373416184561023,0.0206653010256339
1000,0.9,0.9,1,0.896950094876232,0.0141753494019595,10,0,0.983701216104526,0.0981311409325198,0.896084341119399,0.0244485812967014,5.09491414686313,0.297369604119978,3.16639191380111,3.16862018591152,-0.00222827211040709,0.0125523313492388,-0.0540969815507496,0.265841593011633,0.000865753756833288,0.0193260902529225
1000,0.95,0.25,0.01,0.279438238532757,0.0315103169957519,0.0133333333333333,0,0.998309876451319,0.00359140660584296,0.250409616736205,0.061958510095767,1.18919240655894,0.0826024195052613,0.13127473485426,0.11580956508188,0.0154651697723803,0.0165488048852182,0.0103995737884126,0.0825249810128339,0.0290286217965521,0.0538132545234024
1000,0.95,0.25,0.05,0.255236663116578,0.0320449623669378,0.0666666666666667,0,0.998506174014323,0.00821905455909991,0.246194720924358,0.0639116729274826,1.43038711690686,0.0861779135515561,0.262066792959707,0.259204933566,0.00286185939370682,0.00523784724695998,-0.00219922082196069,0.0857508357408367,0.00904194219221998,0.0548369709259577
1000,0.95,0.25,0.1,0.249101224689908,0.030741359890025,0.133333333333333,0,0.99827703233355,0.0116868764736269,0.247834302447583,0.0640672840239696,1.60332080530606,0.0882937545666823,0.367996997026565,0.366777814748486,0.00121918227807921,0.00403805240081105,-0.000868856952681054,0.0871776747577858,0.00126692224232544,0.0564592113901091
1000,0.95,0.25,0.5,0.249637794239139,0.0307380591349796,0.666666666666667,0,0.999183960317634,0.0261318397155139,0.251403392984295,0.0654961162021154,2.34315339738474,0.102640714662947,0.819220732545337,0.820574148443413,-0.00135341589807654,0.00472304390717007,0.000658460578825355,0.0945233903784193,-0.00176559874515681,0.057656620404735
1000,0.95,0.25,1,0.248185793062552,0.0298748491068595,1.33333333333333,0,0.999411460795104,0.036271097545127,0.249028730465429,0.0656088490406812,2.89567915157898,0.117059612989298,1.15557791800796,1.15819144606613,-0.00261352805817016,0.0063106280679685,0.0014730923634747,0.102535479418084,-0.000842937402877393,0.0568658563125036
1000,0.95,0.5,0.01,0.568875207922397,0.0255629365650111,0.02,0,0.996555891753929,0.00452535273647828,0.500155616795503,0.0535914048327198,1.23205524852227,0.107089263912759,0.209670692121197,0.14179494344121,0.0678757486799868,0.0353984635537842,0.0130640407346137,0.106726780158685,0.0687195911268941,0.0472162851441168
1000,0.95,0.5,0.05,0.511343498972148,0.0270282663669842,0.1,0,0.996402439947912,0.0099602209225431,0.495314322155402,0.0561354499381945,1.52778909457283,0.112695815362351,0.322418526134464,0.317478968404527,0.00493955772993713,0.00801369666684847,-0.00363211956326436,0.112826169222393,0.0160291768167467,0.0489045383586294
1000,0.95,0.5,0.1,0.50388967963548,0.028375134326925,0.2,0,0.997580979173026,0.0142058311700739,0.494664731043873,0.0570899651489041,1.74587968256896,0.117163270494958,0.451529331213614,0.449339368864463,0.0021899623491515,0.00610535567297463,-0.00800348786569881,0.114231414397394,0.00922494859160696,0.0502402910587977
1000,0.95,0.5,0.5,0.498336390831757,0.0269462830534358,1,0,0.996479150719288,0.0309296143395417,0.498853653080391,0.0593732779374398,2.64657612711616,0.134268219966013,1.00172668054697,1.00325503654364,-0.00152835599667155,0.00606293778854217,-0.00460877548664279,0.125342128483099,-0.000517262248633636,0.0531870016208627
1000,0.95,0.5,1,0.497862317042456,0.028139034847001,2,0,0.995335216863353,0.0442677929631945,0.49734111029863,0.0607579229708589,3.32820527368118,0.153109302306536,1.41778362176712,1.42073897964459,-0.00295535787747426,0.00799271174777756,-0.0076245682680726,0.136011598733895,0.000521206743825902,0.0534267675532743
1000,0.95,0.7,0.01,0.799526671267613,0.0165853295434326,0.0333333333333333,0,0.992543125342691,0.00584834103546597,0.698819620981646,0.04165930167615,1.30392875470095,0.139189986362023,0.392382632673775,0.183154578457299,0.209228054216476,0.0469244701980496,0.0101401679594155,0.137947916325342,0.100707050285967,0.037242191315867
1000,0.95,0.7,0.05,0.719794372088444,0.0210481027426422,0.166666666666667,0,0.994780018744475,0.0130142410255963,0.697264657889925,0.0451208886226477,1.68165084507497,0.152135606633991,0.421103676289918,0.410160516286366,0.0109431600035514,0.014402467030467,-0.00437879703718787,0.149901818794357,0.0225297141985187,0.0396545658984917
1000,0.95,0.7,0.1,0.707570042502749,0.0220786704942488,0.333333333333333,0,0.994318120567707,0.0184209279003658,0.696268545956863,0.0466096116238444,1.96006252747687,0.159755513490257,0.583518040848925,0.579827190198144,0.00369085065078075,0.00858069443239595,-0.00848088091382778,0.156583590985236,0.0113014965458861,0.0408001234867724
1000,0.95,0.7,0.5,0.698148452138119,0.0219996289717141,1.66666666666667,0,0.996224664267949,0.0410733047694714,0.6968666179468,0.0487973845179402,3.13483228331182,0.182956981824063,1.29500152106188,1.29698951671141,-0.00198799564953014,0.00811330471896665,-0.0121288988464917,0.170739629939679,0.00128183419131947,0.0432508578941031
1000,0.95,0.7,1,0.697309870421326,0.0230748011536893,3.33333333333333,0,0.994977741549353,0.0577079889959504,0.697054439304037,0.0465331416395934,4.01771648180291,0.194138973179694,1.82945196215349,1.83291154057204,-0.00345957841854645,0.0092918185073512,-0.0183992571214994,0.174771179632483,0.000255431117288824,0.0405779233672803
1000,0.95,0.9,0.01,0.98745587854845,0.00233980735244148,0.1,0,0.935745996856652,0.0159161696415982,0.89907869980247,0.02078362391458,1.52891784732624,0.20693934598178,0.897047429547015,0.317534619638497,0.579512809908517,0.01735259414293,-0.0464749655386314,0.204984583781798,0.0883771787459801,0.0203363151851753
1000,0.95,0.9,0.05,0.924955260724992,0.0100035139900977,0.5,0,0.978454937326327,0.0211069590626456,0.895731633602052,0.027910897066763,2.20390540416236,0.281661116104563,0.755092563229546,0.709435763968904,0.0456567992606421,0.0329867268210041,-0.044458143700734,0.276211801472259,0.0292236271229393,0.0247460235334307
1000,0.95,0.9,0.1,0.911588974464089,0.0116005055884169,1,0,0.979511014876556,0.0303340534615746,0.896705200558695,0.029097005930903,2.67541249195488,0.292174743306793,1.01280194779489,1.00330853381217,0.00949341398271348,0.0169507672578536,-0.0382425786790322,0.287100467130366,0.0148837739053942,0.0257874473778049
1000,0.95,0.9,0.5,0.899304522283542,0.0137726009021964,5,0,0.980983496642062,0.0685717372739288,0.897101521738636,0.0306395648319859,4.69899718715194,0.324980879547634,2.24484114088825,2.24710271373744,-0.00226157284919224,0.0148907302604638,-0.0335285264923746,0.315275059357273,0.00220300054490617,0.0260617652768135
1000,0.95,0.9,1,0.897232536732346,0.0145008110725645,10,0,0.981311604273199,0.0975625853342436,0.896283941197114,0.0296663975456783,6.2308454493525,0.361527058942496,3.17331392954277,3.17837513882067,-0.00506120927790775,0.0189765108307676,-0.0482092800449373,0.325689149239954,0.000948595535232077,0.0256710310814062
